route,kind,inlinks_from_main,outlinks
/,home,156,58
/404/,plain,0,31
/about/,page,147,31
/accessibility/,page,0,31
/areas/,index,9,32
/areas/buenaventura-lakes/,city,17,47
/areas/celebration/,city,21,48
/areas/kissimmee/,city,26,46
/areas/poinciana/,city,18,49
/areas/st-cloud/,city,22,47
/artificial-grass-installation/,service,65,54
/artificial-grass-installation/buenaventura-lakes/,cityservice,6,38
/artificial-grass-installation/celebration/,cityservice,4,37
/artificial-grass-installation/kissimmee/,cityservice,8,39
/artificial-grass-installation/poinciana/,cityservice,4,38
/artificial-grass-installation/st-cloud/,cityservice,5,38
/artificial-turf-cost/,price,104,41
/artificial-turf-cost/calculator/,tool,7,32
/blog/,index,44,72
/blog/artificial-grass-for-shady-side-yards/,post,10,35
/blog/artificial-turf-for-55-plus-communities/,post,7,34
/blog/artificial-turf-for-balconies-rooftops-and-condos/,post,3,34
/blog/artificial-turf-front-yard-florida/,post,6,35
/blog/artificial-turf-glossary/,post,18,36
/blog/artificial-turf-hurricane-flooding/,post,9,34
/blog/artificial-turf-near-live-oaks-and-palms/,post,7,35
/blog/artificial-turf-on-a-slope/,post,10,34
/blog/artificial-turf-pile-height-and-face-weight/,post,5,33
/blog/artificial-turf-pros-and-cons/,post,4,35
/blog/artificial-turf-vs-sod-cost-florida/,post,19,35
/blog/backyard-putting-green-cost-florida/,post,8,34
/blog/base-under-artificial-turf-florida-sandy-soil/,post,20,34
/blog/best-artificial-grass-for-florida/,post,3,34
/blog/best-artificial-grass-installer-near-me/,post,8,35
/blog/best-artificial-turf-contractor-kissimmee/,post,6,36
/blog/best-time-of-year-to-install-artificial-turf-florida/,post,2,35
/blog/can-artificial-turf-melt/,post,14,33
/blog/coolest-artificial-grass-and-infill-for-florida/,post,17,34
/blog/diy-vs-professional-artificial-turf-installation/,post,9,35
/blog/do-turf-installers-need-a-license-in-florida/,post,5,35
/blog/does-artificial-grass-increase-home-value-florida/,post,9,34
/blog/does-artificial-turf-drain-in-heavy-rain/,post,11,34
/blog/does-homeowners-insurance-cover-artificial-turf/,post,7,33
/blog/how-artificial-turf-is-installed-step-by-step/,post,7,35
/blog/how-hot-does-artificial-turf-get-in-florida/,post,22,34
/blog/how-long-does-artificial-turf-last-in-florida/,post,8,36
/blog/how-to-compare-artificial-turf-quotes/,post,17,34
/blog/how-to-get-dog-urine-smell-out-of-artificial-turf/,post,16,33
/blog/how-to-make-artificial-grass-look-real/,post,1,34
/blog/install-artificial-turf-over-concrete-pavers-or-grass/,post,15,33
/blog/is-artificial-turf-bad-for-the-environment/,post,5,34
/blog/is-artificial-turf-safe-for-kids-pfas-lead/,post,6,35
/blog/is-artificial-turf-worth-it-in-florida/,post,5,34
/blog/oak-leaves-and-debris-on-artificial-turf/,post,9,34
/blog/pet-turf-vs-regular-artificial-grass/,post,2,35
/blog/toho-water-restrictions-new-sod-vs-turf/,post,4,36
/blog/what-does-artificial-turf-warranty-cover/,post,18,36
/blog/what-to-expect-on-turf-installation-day/,post,9,35
/blog/why-is-artificial-grass-so-expensive/,post,11,35
/blog/why-new-construction-sod-dies-in-osceola-county/,post,10,34
/commercial-turf/,service,13,41
/commercial-turf/buenaventura-lakes/,cityservice,6,37
/commercial-turf/celebration/,cityservice,4,36
/commercial-turf/kissimmee/,cityservice,8,36
/commercial-turf/poinciana/,cityservice,4,37
/commercial-turf/st-cloud/,cityservice,5,37
/compare/,compare,7,37
/compare/artificial-turf-vs-st-augustine-zoysia-bahia/,compare,3,35
/compare/local-turf-installer-vs-national-franchise/,compare,3,35
/compare/nylon-vs-polyethylene-vs-polypropylene-turf/,compare,7,33
/compare/playground-turf-vs-mulch-vs-poured-rubber/,compare,3,34
/compare/turf-vs-pavers-vs-rock-side-yard/,compare,4,33
/compare/zeolite-vs-silica-vs-antimicrobial-infill/,compare,10,34
/contact/,page,18,32
/faq/,faq,11,46
/faq/cost/,faq,2,38
/faq/hoa-permits/,faq,2,35
/faq/maintenance/,faq,4,34
/faq/pets-heat/,faq,2,35
/laws/,law,18,44
/laws/florida-hb-683/,law,42,36
/laws/hoa-rules/,law,41,36
/laws/permits/,permit,32,41
/laws/permits/city-of-kissimmee/,permit,5,35
/laws/permits/city-of-orlando/,permit,3,35
/laws/permits/city-of-st-cloud/,permit,4,35
/laws/permits/lake-county/,permit,2,33
/laws/permits/orange-county/,permit,3,34
/laws/permits/osceola-county/,permit,13,35
/laws/permits/polk-county/,permit,4,33
/laws/permits/seminole-county/,permit,2,33
/pet-turf/,service,26,43
/pet-turf/buenaventura-lakes/,cityservice,6,37
/pet-turf/celebration/,cityservice,4,36
/pet-turf/kissimmee/,cityservice,8,37
/pet-turf/poinciana/,cityservice,4,38
/pet-turf/st-cloud/,cityservice,5,37
/playground-turf/,service,14,43
/playground-turf/buenaventura-lakes/,cityservice,6,36
/playground-turf/celebration/,cityservice,4,36
/playground-turf/kissimmee/,cityservice,8,36
/playground-turf/poinciana/,cityservice,4,38
/playground-turf/st-cloud/,cityservice,5,37
/pool-turf/,service,19,42
/pool-turf/buenaventura-lakes/,cityservice,6,36
/pool-turf/celebration/,cityservice,4,36
/pool-turf/kissimmee/,cityservice,8,36
/pool-turf/poinciana/,cityservice,4,38
/pool-turf/st-cloud/,cityservice,5,37
/privacy/,page,82,31
/putting-greens/,service,15,44
/putting-greens/buenaventura-lakes/,cityservice,6,36
/putting-greens/celebration/,cityservice,4,36
/putting-greens/kissimmee/,cityservice,8,36
/putting-greens/poinciana/,cityservice,4,38
/putting-greens/st-cloud/,cityservice,5,37
/services/,index,15,31
/sports-turf/,service,10,43
/sports-turf/buenaventura-lakes/,cityservice,6,36
/sports-turf/celebration/,cityservice,4,36
/sports-turf/kissimmee/,cityservice,8,36
/sports-turf/poinciana/,cityservice,4,37
/sports-turf/st-cloud/,cityservice,5,37
/terms/,page,0,31
/thank-you/,plain,0,31
/tools/,index,2,34
/tools/hoa-packet-checklist/,tool,7,33
/tools/turf-vs-sod/,tool,7,32
/turf-and-pavers/,service,13,41
/turf-and-pavers/buenaventura-lakes/,cityservice,6,36
/turf-and-pavers/celebration/,cityservice,4,36
/turf-and-pavers/kissimmee/,cityservice,8,36
/turf-and-pavers/poinciana/,cityservice,4,37
/turf-and-pavers/st-cloud/,cityservice,5,37
/turf-cleaning/,service,20,39
/turf-cleaning/buenaventura-lakes/,cityservice,6,36
/turf-cleaning/celebration/,cityservice,4,36
/turf-cleaning/kissimmee/,cityservice,8,36
/turf-cleaning/poinciana/,cityservice,4,38
/turf-cleaning/st-cloud/,cityservice,5,37
/turf-repair/,service,21,40
/turf-repair/buenaventura-lakes/,cityservice,6,37
/turf-repair/celebration/,cityservice,4,36
/turf-repair/kissimmee/,cityservice,8,37
/turf-repair/poinciana/,cityservice,4,39
/turf-repair/st-cloud/,cityservice,5,37
/turf-replacement/,service,18,40
/turf-replacement/buenaventura-lakes/,cityservice,6,37
/turf-replacement/celebration/,cityservice,4,36
/turf-replacement/kissimmee/,cityservice,8,37
/turf-replacement/poinciana/,cityservice,4,38
/turf-replacement/st-cloud/,cityservice,5,37
/vacation-rental-turf/,service,15,42
/vacation-rental-turf/buenaventura-lakes/,cityservice,6,37
/vacation-rental-turf/celebration/,cityservice,4,36
/vacation-rental-turf/kissimmee/,cityservice,8,37
/vacation-rental-turf/poinciana/,cityservice,4,40
/vacation-rental-turf/st-cloud/,cityservice,5,37
